,title,preview
0,7 Things to Know About the Mars 2020 Perseverance Rover Mission,NASA's next rover to the Red Planet is slated to launch no earlier than July 30. These highlights will get you up to speed on the ambitious mission.
1,Space History Is Made in This NASA Robot Factory,"From rockets to rovers, JPL's Spacecraft Assembly Facility has been at the center of robotic spaceflight. Here's a closer look at what makes it so special."
2,NASA's Mars Reconnaissance Orbiter Undergoes Memory Update,Other orbiters will continue relaying data from Mars surface missions for a two-week period.
3,"New Selfie Shows Curiosity, the Mars Chemist",The NASA rover performed a special chemistry experiment at the location captured in its newest self-portrait.
4,3 Things We've Learned From NASA's Mars InSight,Scientists are finding new mysteries since the geophysics mission landed two years ago.
5,NASA Readies Perseverance Mars Rover's Earthly Twin,"Did you know NASA's next Mars rover has a nearly identical sibling on Earth for testing? Even better, it's about to roll for the first time through a replica Martian landscape."
6,Deadline Closing for Names to Fly on NASA's Next Mars Rover,You have until Sept. 30 to send your names to Mars aboard the Mars 2020 rover.
7,Media Get a Close-Up of NASA's Mars 2020 Rover,The clean room at NASA's Jet Propulsion Laboratory was open to the media to see NASA's next Mars explorer before it leaves for Florida in preparation for a summertime launch.
8,NASA's Curiosity Mars Rover Takes a New Selfie Before Record Climb,"Along with capturing an image before its steepest ascent ever, the robotic explorer filmed its ""selfie stick,"" or robotic arm, in action."
9,Screening Soon: 'The Pathfinders' Trains Lens on Mars,"With the Mars 2020 mission ramping up, the documentary — the first of four about past JPL missions to the Red Planet to be shown at Caltech — tells a gripping backstory."
10,NASA's MAVEN Explores Mars to Understand Radio Interference at Earth,NASA’s MAVEN spacecraft has discovered “layers” and “rifts” in the electrically charged part of the upper atmosphere of Mars.
11,NASA's Perseverance Rover Will Peer Beneath Mars' Surface,The agency's newest rover will use the first ground-penetrating radar instrument on the Martian surface to help search for signs of past microbial life.
12,Naming a NASA Mars Rover Can Change Your Life,Want to name the robotic scientist NASA is sending to Mars in 2020? The student who named Curiosity — the rover currently exploring Mars — will tell you this is an opportunity worth taking.
13,NASA's Mars 2020 Rover Completes Its First Drive,"In a 10-plus-hour marathon, the rover steered, turned and drove in 3-foot (1-meter) increments over small ramps."
14,NASA's MAVEN Maps Winds in the Martian Upper Atmosphere that Mirror the Terrain Below and Gives Clues to Martian Climate,"Researchers have created the first map of wind circulation in the upper atmosphere of a planet besides Earth, using data from NASA’s MAVEN spacecraft that were collected during the last two years."
